email,label
Upgrade to our premium plan for exclusive access to premium content and features.,ham
Happy holidays from our team! Wishing you joy and prosperity this season.,ham
We're hiring! Check out our career opportunities and join our dynamic team.,ham
Your Amazon account has been locked. Click here to verify your account information.,spam
Your opinion matters! Take our survey and help us enhance your experience.,ham
Your payment has been received. Thank you for your prompt transaction.,ham
Your email account storage is full. Click here to upgrade your account.,spam
"Dear [Name], thank you for subscribing to our newsletter. Here's your welcome gift!",ham
Your account has been credited with loyalty points. Redeem them for exciting rewards!,ham
You've been chosen for a free iPhone. Click here to claim your prize!,spam
Don't miss out on our special offer! Sign up now and get a discount on your first purchase.,ham
We're hiring interns for the summer. Apply now and gain valuable experience.,ham
You're pre-approved for a loan. Click here to apply now!,spam
We're thrilled to introduce our new collection. Shop now and enjoy exclusive discounts!,ham
We're excited to announce our upcoming webinar series. Register now to reserve your spot!,ham
We've added new features to our app based on your feedback. Update now!,ham
You're a winner! Click here to claim your exclusive prize.,spam
Your Facebook account has been hacked. Click here to secure your account.,spam
Congratulations on reaching a new milestone! Here's to many more achievements.,ham
Congratulations! You've been selected for a job interview. Click here to schedule your interview.,spam
Your account has been suspended due to suspicious activity. Click here to unlock your account.,spam
Get ready for our flash sale! Limited-time offers on your favorite products.,ham
Thank you for your feedback. We're always striving to improve our services.,ham
Thank you for your feedback. We're always striving to improve our services.,spam
Thank you for your feedback. We're always striving to improve our services.,spam
Thank you for your feedback. We're always striving to improve our services.,ham
Thank you for your feedback. We're always striving to improve our services.,spam
Thank you for your feedback. We're always striving to improve our services.,ham
Thank you for your feedback. We're always striving to improve our services.,ham
Thank you for your feedback. We're always striving to improve our services.,spam
Thank you for your feedback. We're always striving to improve our services.,ham
Thank you for your feedback. We're always striving to improve our services.,spam
Thank you for your feedback. We're always striving to improve our services.,spam
Thank you for your feedback. We're always striving to improve our services.,spam
Thank you for your feedback. We're always striving to improve our services.,ham
Thank you for your feedback. We're always striving to improve our services.,spam
Thank you for your feedback. We're always striving to improve our services.,spam
Thank you for your feedback. We're always striving to improve our services.,ham
Thank you for your feedback. We're always striving to improve our services.,ham
Thank you for your feedback. We're always striving to improve our services.,ham
Thank you for your feedback. We're always striving to improve our services.,ham
Thank you for your feedback. We're always striving to improve our services.,ham
Thank you for your feedback. We're always striving to improve our services.,ham
Thank you for your feedback. We're always striving to improve our services.,ham
Thank you for your feedback. We're always striving to improve our services.,ham
Thank you for your feedback. We're always striving to improve our services.,spam
Thank you for your feedback. We're always striving to improve our services.,ham
Thank you for your feedback. We're always striving to improve our services.,spam
Thank you for your feedback. We're always striving to improve our services.,spam
Thank you for your feedback. We're always striving to improve our services.,ham
Thank you for your feedback. We're always striving to improve our services.,spam
Thank you for your feedback. We're always striving to improve our services.,spam
Thank you for your feedback. We're always striving to improve our services.,spam
Thank you for your feedback. We're always striving to improve our services.,ham
Thank you for your feedback. We're always striving to improve our services.,spam
Thank you for your feedback. We're always striving to improve our services.,ham
Thank you for your feedback. We're always striving to improve our services.,ham
Thank you for your feedback. We're always striving to improve our services.,spam
Thank you for your feedback. We're always striving to improve our services.,ham
Thank you for your feedback. We're always striving to improve our services.,spam
Thank you for your feedback. We're always striving to improve our services.,spam
Thank you for your feedback. We're always striving to improve our services.,ham
Thank you for your feedback. We're always striving to improve our services.,spam
Thank you for your feedback. We're always striving to improve our services.,ham
Thank you for your feedback. We're always striving to improve our services.,ham
Thank you for your feedback. We're always striving to improve our services.,spam
Thank you for your feedback. We're always striving to improve our services.,spam
Thank you for your feedback. We're always striving to improve our services.,spam
Thank you for your feedback. We're always striving to improve our services.,ham
Thank you for your feedback. We're always striving to improve our services.,ham
Thank you for your feedback. We're always striving to improve our services.,ham
Thank you for your feedback. We're always striving to improve our services.,spam
Thank you for your feedback. We're always striving to improve our services.,ham
Thank you for your feedback. We're always striving to improve our services.,ham
Thank you for your feedback. We're always striving to improve our services.,ham
Thank you for your feedback. We're always striving to improve our services.,spam
Thank you for your feedback. We're always striving to improve our services.,spam
Thank you for your feedback. We're always striving to improve our services.,ham
Thank you for your feedback. We're always striving to improve our services.,spam
Thank you for your feedback. We're always striving to improve our services.,spam
Thank you for your feedback. We're always striving to improve our services.,ham
Thank you for your feedback. We're always striving to improve our services.,spam
Thank you for your feedback. We're always striving to improve our services.,ham
Thank you for your feedback. We're always striving to improve our services.,ham
Thank you for your feedback. We're always striving to improve our services.,ham
Thank you for your feedback. We're always striving to improve our services.,spam
Thank you for your feedback. We're always striving to improve our services.,ham
Thank you for your feedback. We're always striving to improve our services.,ham
Thank you for your feedback. We're always striving to improve our services.,spam
Thank you for your feedback. We're always striving to improve our services.,spam
Thank you for your feedback. We're always striving to improve our services.,ham
Thank you for your feedback. We're always striving to improve our services.,ham
Thank you for your feedback. We're always striving to improve our services.,spam
Thank you for your feedback. We're always striving to improve our services.,ham
Thank you for your feedback. We're always striving to improve our services.,ham
Thank you for your feedback. We're always striving to improve our services.,ham
Thank you for your feedback. We're always striving to improve our services.,ham
Thank you for your feedback. We're always striving to improve our services.,spam
Thank you for your feedback. We're always striving to improve our services.,ham
Thank you for your feedback. We're always striving to improve our services.,spam
Thank you for your feedback. We're always striving to improve our services.,spam
Thank you for your feedback. We're always striving to improve our services.,spam
Thank you for your feedback. We're always striving to improve our services.,ham
Thank you for your feedback. We're always striving to improve our services.,ham
Thank you for your feedback. We're always striving to improve our services.,spam
Thank you for your feedback. We're always striving to improve our services.,spam
Thank you for your feedback. We're always striving to improve our services.,ham
Thank you for your feedback. We're always striving to improve our services.,ham
Thank you for your feedback. We're always striving to improve our services.,ham
Thank you for your feedback. We're always striving to improve our services.,ham
Thank you for your feedback. We're always striving to improve our services.,spam
Thank you for your feedback. We're always striving to improve our services.,spam
Thank you for your feedback. We're always striving to improve our services.,ham
Thank you for your feedback. We're always striving to improve our services.,spam
Thank you for your feedback. We're always striving to improve our services.,spam
Thank you for your feedback. We're always striving to improve our services.,spam
Thank you for your feedback. We're always striving to improve our services.,spam
Thank you for your feedback. We're always striving to improve our services.,ham
Thank you for your feedback. We're always striving to improve our services.,ham
Thank you for your feedback. We're always striving to improve our services.,spam
Thank you for your feedback. We're always striving to improve our services.,ham
Thank you for your feedback. We're always striving to improve our services.,spam
Thank you for your feedback. We're always striving to improve our services.,ham
Thank you for your feedback. We're always striving to improve our services.,ham
Thank you for your feedback. We're always striving to improve our services.,ham
Thank you for your feedback. We're always striving to improve our services.,ham
Thank you for your feedback. We're always striving to improve our services.,ham
Thank you for your feedback. We're always striving to improve our services.,ham
Thank you for your feedback. We're always striving to improve our services.,ham
Thank you for your feedback. We're always striving to improve our services.,spam
Thank you for your feedback. We're always striving to improve our services.,ham
Thank you for your feedback. We're always striving to improve our services.,ham
Thank you for your feedback. We're always striving to improve our services.,spam
Thank you for your feedback. We're always striving to improve our services.,spam
Thank you for your feedback. We're always striving to improve our services.,ham
Thank you for your feedback. We're always striving to improve our services.,ham
Thank you for your feedback. We're always striving to improve our services.,ham
Thank you for your feedback. We're always striving to improve our services.,ham
Thank you for your feedback. We're always striving to improve our services.,spam
Thank you for your feedback. We're always striving to improve our services.,spam
Thank you for your feedback. We're always striving to improve our services.,ham
Thank you for your feedback. We're always striving to improve our services.,ham
Thank you for your feedback. We're always striving to improve our services.,spam
Thank you for your feedback. We're always striving to improve our services.,spam
Thank you for your feedback. We're always striving to improve our services.,spam
Thank you for your feedback. We're always striving to improve our services.,spam
Thank you for your feedback. We're always striving to improve our services.,ham
Thank you for your feedback. We're always striving to improve our services.,ham
Thank you for your feedback. We're always striving to improve our services.,spam
Thank you for your feedback. We're always striving to improve our services.,ham
Thank you for your feedback. We're always striving to improve our services.,spam
Thank you for your feedback. We're always striving to improve our services.,ham
Thank you for your feedback. We're always striving to improve our services.,ham
Thank you for your feedback. We're always striving to improve our services.,ham
Thank you for your feedback. We're always striving to improve our services.,ham
Thank you for your feedback. We're always striving to improve our services.,ham
Thank you for your feedback. We're always striving to improve our services.,spam
Thank you for your feedback. We're always striving to improve our services.,spam
Thank you for your feedback. We're always striving to improve our services.,ham
Thank you for your feedback. We're always striving to improve our services.,spam
Thank you for your feedback. We're always striving to improve our services.,spam
Thank you for your feedback. We're always striving to improve our services.,ham
Thank you for your feedback. We're always striving to improve our services.,ham
Thank you for your feedback. We're always striving to improve our services.,spam
Thank you for your feedback. We're always striving to improve our services.,spam
Thank you for your feedback. We're always striving to improve our services.,spam
Thank you for your feedback. We're always striving to improve our services.,spam
Thank you for your feedback. We're always striving to improve our services.,ham
Thank you for your feedback. We're always striving to improve our services.,spam
Thank you for your feedback. We're always striving to improve our services.,ham
Thank you for your feedback. We're always striving to improve our services.,ham
Thank you for your feedback. We're always striving to improve our services.,spam
Thank you for your feedback. We're always striving to improve our services.,spam
Thank you for your feedback. We're always striving to improve our services.,ham
Thank you for your feedback. We're always striving to improve our services.,ham
Thank you for your feedback. We're always striving to improve our services.,spam
Thank you for your feedback. We're always striving to improve our services.,ham
Thank you for your feedback. We're always striving to improve our services.,ham
Thank you for your feedback. We're always striving to improve our services.,spam
